"phi","n","blksize","CI","target","cov","LB","UB","CP_LB","CP_UB"
-0.2,100,10,"stdCI","sigma",0.8511,0.843936995465384,0.857991429310779,0.843970578212224,0.858024287755365
-0.2,100,10,"stuCI","sigma",0.8874,0.881003952961352,0.893496125144336,0.881041346712112,0.893532043847834
-0.2,100,10,"pctCI","sigma",0.8414,0.83405838083035,0.84847759472537,0.834090964899715,0.848509615921586
-0.2,100,10,"ctrCI","sigma",0.8515,0.844344574653423,0.8583835385773,0.844378198729674,0.858416431402111
-0.2,100,10,"bcCI","sigma",0.8478,0.840575123968721,0.854755870515968,0.840608366204896,0.854788444870973
-0.2,100,10,"bcaCI","sigma",0.8525,0.845363598914067,0.859363735389346,0.845397326367427,0.859396714111649
-0.2,100,10,"propCI","sigma",0.8463,0.839047382423989,0.853284779799779,0.839080470145567,0.853317224762611
-0.2,100,5,"stdCI","sigma",0.8658,0.858927436157098,0.872389528984173,0.858962546362517,0.872423642382585
-0.2,100,5,"stuCI","sigma",0.8834,0.876910741442694,0.889592469214265,0.876947708106581,0.889628057763537
-0.2,100,5,"pctCI","sigma",0.8545,0.847401977523336,0.861323798647153,0.847435911964344,0.861356948933222
-0.2,100,5,"ctrCI","sigma",0.8673,0.860458515259486,0.873857279219546,0.860493782406172,0.873891519607074
-0.2,100,5,"bcCI","sigma",0.8689,0.862091977102961,0.875422568372113,0.8621274118951,0.875456943975751
-0.2,100,5,"bcaCI","sigma",0.8799,0.873331127095659,0.88617482236712,0.873367721763609,0.886210120345738
-0.2,100,5,"propCI","sigma",0.8632,0.856274221774166,0.869844771897545,0.856309060451147,0.869878664683527
-0.2,1600,12,"stdCI","sigma",0.9364,0.931395598817207,0.941065746688475,0.931438493122897,0.941105444603188
-0.2,1600,12,"stuCI","sigma",0.9393,0.934397400766418,0.943861616788687,0.934440646395145,0.94390151298112
-0.2,1600,12,"pctCI","sigma",0.9342,0.929120265050796,0.938942842302598,0.929162895801971,0.938982386882442
-0.2,1600,12,"ctrCI","sigma",0.9354,0.930361159224483,0.940100987546209,0.930403933430553,0.940140616060421
-0.2,1600,12,"bcCI","sigma",0.9341,0.929016878193278,0.938846309163945,0.929059497021706,0.938885846717949
-0.2,1600,12,"bcaCI","sigma",0.9318,0.926639849579956,0.936625176049125,0.926682195480122,0.936664550734734
-0.2,1600,12,"propCI","sigma",0.9335,0.928396623958577,0.938267043280522,0.928439171351025,0.938306538580606
-0.2,1600,24,"stdCI","sigma",0.9327,0.927569794883624,0.937494511828635,0.927612247291408,0.937533950531095
-0.2,1600,24,"stuCI","sigma",0.9373,0.932326881502833,0.941933742233932,0.932369884345385,0.941973502169278
-0.2,1600,24,"pctCI","sigma",0.9307,0.925503584677967,0.935562318945525,0.925545800889562,0.935601614908657
-0.2,1600,24,"ctrCI","sigma",0.9305,0.925297030056914,0.935369033123467,0.925339222744936,0.935408314718141
-0.2,1600,24,"bcCI","sigma",0.9327,0.927569794883624,0.937494511828635,0.927612247291408,0.937533950531095
-0.2,1600,24,"bcaCI","sigma",0.9348,0.929740653721584,0.93952197346542,0.929783356111327,0.939561560099879
-0.2,1600,24,"propCI","sigma",0.9316,0.926433228763274,0.936431956556191,0.926475551044324,0.936471316967375
-0.2,200,12,"stdCI","sigma",0.8886,0.882232394341845,0.894666743447966,0.882269916647348,0.89470276077401
-0.2,200,12,"stuCI","sigma",0.9088,0.902947945350277,0.914335317169852,0.902987667309795,0.914372959429758
-0.2,200,12,"pctCI","sigma",0.8824,0.875887812607536,0.888616180765389,0.87592467282962,0.888651686449957
-0.2,200,12,"ctrCI","sigma",0.8868,0.880389816069301,0.89291073209669,0.880427145618546,0.892946601413943
-0.2,200,12,"bcCI","sigma",0.8894,0.883051480672352,0.89544703009277,0.883089088795363,0.89548311305417
-0.2,200,12,"bcaCI","sigma",0.8946,0.888378058675966,0.900516373393074,0.888416226955405,0.900552880669516
-0.2,200,12,"propCI","sigma",0.8862,0.879775734526545,0.892325283635793,0.879812999924047,0.892361103517605
-0.2,200,6,"stdCI","sigma",0.8858,0.879366377392715,0.891934954065399,0.879403600049751,0.891970740963205
-0.2,200,6,"stuCI","sigma",0.8959,0.889710405390582,0.901783006135115,0.889748714376708,0.9018196188308
-0.2,200,6,"pctCI","sigma",0.8818,0.875274125633571,0.888030337291109,0.875310922051676,0.88806579319644
-0.2,200,6,"ctrCI","sigma",0.8838,0.877319954305273,0.889982943219259,0.87735696358198,0.890018564878724
-0.2,200,6,"bcCI","sigma",0.8886,0.882232394341845,0.894666743447966,0.882269916647348,0.89470276077401
-0.2,200,6,"bcaCI","sigma",0.8968,0.890632968933592,0.902659735846424,0.890671375496858,0.902696421361863
-0.2,200,6,"propCI","sigma",0.8855,0.879059375507563,0.891642190904117,0.879096566123493,0.891677953049838
-0.2,3200,15,"stdCI","sigma",0.9406,0.935744003514238,0.945113968261627,0.935787408197689,0.945153951798484
-0.2,3200,15,"stuCI","sigma",0.9424,0.937609565945778,0.946846955371381,0.937653192588865,0.946887058146341
-0.2,3200,15,"pctCI","sigma",0.9388,0.933879639007935,0.943379780393013,0.933922823727746,0.943419642729975
-0.2,3200,15,"ctrCI","sigma",0.9376,0.932637370479841,0.942223012530722,0.932680409598104,0.942262793044462
-0.2,3200,15,"bcCI","sigma",0.9406,0.935744003514238,0.945113968261627,0.935787408197689,0.945153951798484
-0.2,3200,15,"bcaCI","sigma",0.9404,0.935536793674388,0.944921339084768,0.935580173821486,0.944961309249284
-0.2,3200,15,"propCI","sigma",0.939,0.93408673301928,0.943572525667916,0.934129942085294,0.943612401564137
-0.2,3200,30,"stdCI","sigma",0.9439,0.93916515440938,0.948290155866628,0.939208967652404,0.948330356401521
-0.2,3200,30,"stuCI","sigma",0.947,0.94238293313502,0.951269866963641,0.942427137169135,0.951310264475914
-0.2,3200,30,"pctCI","sigma",0.942,0.937194890347625,0.946461953549674,0.937238467486345,0.946502030004169
-0.2,3200,30,"ctrCI","sigma",0.9413,0.936469354849437,0.945788053207668,0.936512845605361,0.94582808335583
-0.2,3200,30,"bcCI","sigma",0.9425,0.937713244470407,0.94694319617824,0.937756883506078,0.946983305517112
-0.2,3200,30,"bcaCI","sigma",0.9418,0.936987575518275,0.946269429613309,0.937031127944014,0.946309492869048
-0.2,3200,30,"propCI","sigma",0.9433,0.938542812746415,0.947712982209688,0.938586551164543,0.947753143822287
-0.2,400,15,"stdCI","sigma",0.914,0.908293319658834,0.919385838383384,0.908333621220776,0.919423885761983
-0.2,400,15,"stuCI","sigma",0.9267,0.9213746971465,0.931694393292885,0.921416445989586,0.931733398832271
-0.2,400,15,"pctCI","sigma",0.9107,0.904900397354935,0.916181366466295,0.904940330339945,0.916219157492415
-0.2,400,15,"ctrCI","sigma",0.9141,0.908396172565859,0.919482906455583,0.908436485339517,0.919520961560309
-0.2,400,15,"bcCI","sigma",0.9126,0.906853610233007,0.918026653736844,0.906893755099183,0.918064592685111
-0.2,400,15,"bcaCI","sigma",0.9157,0.910042123561099,0.921035690643226,0.91008261607949,0.921073869013698
-0.2,400,15,"propCI","sigma",0.9132,0.907470575944143,0.91860921413904,0.90751078790482,0.918647199617438
-0.2,400,8,"stdCI","sigma",0.9122,0.906442343196191,0.917638236630665,0.90648244338259,0.917676144509643
-0.2,400,8,"stuCI","sigma",0.9183,0.912718044954641,0.923557711892184,0.912758831050349,0.923596089098393
-0.2,400,8,"pctCI","sigma",0.9091,0.90325617754416,0.914626848413486,0.90329593276829,0.914664514217253
-0.2,400,8,"ctrCI","sigma",0.9094,0.903564428255866,0.914918361111805,0.903604216765083,0.914956050439235
-0.2,400,8,"bcCI","sigma",0.9148,0.909116205303321,0.920162320473761,0.909156596631952,0.920200429589435
-0.2,400,8,"bcaCI","sigma",0.9172,0.911585732145156,0.922490895438269,0.911626393803114,0.922529188750336
-0.2,400,8,"propCI","sigma",0.9115,0.905722708769919,0.916958423678933,0.90576273086132,0.916996277093337
-0.2,800,10,"stdCI","sigma",0.9313,0.926123320294872,0.936142104513976,0.926165607180286,0.936181443481006
-0.2,800,10,"stuCI","sigma",0.9343,0.929223655112469,0.939039372230309,0.929266297791224,0.939078923831239
-0.2,800,10,"pctCI","sigma",0.9279,0.92261288417261,0.932855251148916,0.922654772559758,0.932894344471602
-0.2,800,10,"ctrCI","sigma",0.9281,0.922819287946867,0.93304868811341,0.922861199645326,0.933087796013507
-0.2,800,10,"bcCI","sigma",0.9298,0.924574182125454,0.934692439318396,0.924616292614024,0.934731670492505
-0.2,800,10,"bcaCI","sigma",0.9291,0.92385147771668,0.934015701707246,0.923893506209095,0.934054882260672
-0.2,800,10,"propCI","sigma",0.9291,0.92385147771668,0.934015701707246,0.923893506209095,0.934054882260672
-0.2,800,19,"stdCI","sigma",0.9309,0.925710151226021,0.935755592816701,0.925752390978294,0.935794903131455
-0.2,800,19,"stuCI","sigma",0.937,0.93201642336955,0.9416444410246,0.932059389985132,0.941684180333621
-0.2,800,19,"pctCI","sigma",0.9266,0.92127153295453,0.931597637043802,0.921313270193601,0.931636635243635
-0.2,800,19,"ctrCI","sigma",0.9292,0.923954712491203,0.934112387238372,0.923996752685086,0.9341515750354
-0.2,800,19,"bcCI","sigma",0.927,0.921684206298857,0.931984645432429,0.92172598997653,0.932023672968281
-0.2,800,19,"bcaCI","sigma",0.9274,0.922096924042238,0.932371609337994,0.922138754219074,0.932410666150231
-0.2,800,19,"propCI","sigma",0.9271,0.921787381559176,0.932081390592267,0.921829176855932,0.932120425452835
-0.4,100,10,"stdCI","sigma",0.8488,0.841593750096627,0.855736465788974,0.841627095432862,0.855769126315931
-0.4,100,10,"stuCI","sigma",0.8845,0.878036134087229,0.890666215391304,0.878073217986674,0.890701894943874
-0.4,100,10,"pctCI","sigma",0.8385,0.831106847590066,0.845631383955059,0.831139134337448,0.845663153599494
-0.4,100,10,"ctrCI","sigma",0.8484,0.841186286924405,0.85534424041116,0.841219591011859,0.855376866478011
-0.4,100,10,"bcCI","sigma",0.8467,0.839454757109094,0.853677093736094,0.83948788601882,0.853709573219106
-0.4,100,10,"bcaCI","sigma",0.8542,0.847096192460517,0.861029817453929,0.847130095833274,0.861062942025344
-0.4,100,10,"propCI","sigma",0.8443,0.837010758235079,0.851322960683458,0.837043640184929,0.85135523287792
-0.4,100,5,"stdCI","sigma",0.8533,0.846178897276233,0.860147813818991,0.846212707486977,0.860180861204117
-0.4,100,5,"stuCI","sigma",0.8725,0.865768464952311,0.878943269092309,0.865804277892542,0.878977947996246
-0.4,100,5,"pctCI","sigma",0.8447,0.837418050016531,0.851715357589187,0.837450973098396,0.851747664359452
-0.4,100,5,"ctrCI","sigma",0.8545,0.847401977523336,0.861323798647153,0.847435911964344,0.861356948933222
-0.4,100,5,"bcCI","sigma",0.8575,0.850460384840051,0.864263053411144,0.850494630363519,0.864296460447635
-0.4,100,5,"bcaCI","sigma",0.8699,0.863113055830534,0.876400708857034,0.863148595530531,0.876435168842635
-0.4,100,5,"propCI","sigma",0.8516,0.844446472168278,0.858481563173821,0.844480106578788,0.858514464591802
-0.4,1600,12,"stdCI","sigma",0.9325,0.927363118797398,0.937301347718488,0.927405547505158,0.93734077222614
-0.4,1600,12,"stuCI","sigma",0.934,0.928913494533155,0.938749772821137,0.928956101443649,0.938789303344565
-0.4,1600,12,"pctCI","sigma",0.9289,0.923645016829114,0.933822321966605,0.923687021930738,0.933861488020869
-0.4,1600,12,"ctrCI","sigma",0.9314,0.926226620091641,0.936238724893542,0.926268918771216,0.936278071012939
-0.4,1600,12,"bcCI","sigma",0.9303,0.92509048731535,0.935175735398207,0.92513265649679,0.935215002607699
-0.4,1600,12,"bcaCI","sigma",0.9309,0.925710151226021,0.935755592816701,0.925752390978294,0.935794903131455
-0.4,1600,12,"propCI","sigma",0.9299,0.924677437282333,0.934789104427107,0.924719559501124,0.934828342816514
-0.4,1600,24,"stdCI","sigma",0.9329,0.92777648339122,0.937687663491737,0.927818959517356,0.937727116370971
-0.4,1600,24,"stuCI","sigma",0.937,0.93201642336955,0.9416444410246,0.932059389985132,0.941684180333621
-0.4,1600,24,"pctCI","sigma",0.9303,0.92509048731535,0.935175735398207,0.92513265649679,0.935215002607699
-0.4,1600,24,"ctrCI","sigma",0.9317,0.926536537650403,0.936528567826964,0.926578871738799,0.936567935377538
-0.4,1600,24,"bcCI","sigma",0.9323,0.927156455081475,0.93710817121255,0.927198860107409,0.937147581507487
-0.4,1600,24,"bcaCI","sigma",0.9312,0.926020023515992,0.93604548111042,0.926062298611612,0.936084812920788
-0.4,1600,24,"propCI","sigma",0.931,0.925813438987613,0.935852225255715,0.925855690516676,0.93589154273993
-0.4,200,12,"stdCI","sigma",0.8793,0.87271765588639,0.885588762893319,0.872754186935385,0.885624010909744
-0.4,200,12,"stuCI","sigma",0.9009,0.894837563336033,0.90665191947568,0.89487641620504,0.90668893496014
-0.4,200,12,"pctCI","sigma",0.8732,0.866483534095397,0.879627653086609,0.866519420721643,0.879662390810046
-0.4,200,12,"ctrCI","sigma",0.8787,0.872104235599089,0.885002652442974,0.872140703072274,0.885037850454537
-0.4,200,12,"bcCI","sigma",0.8806,0.874046908305529,0.886858493550949,0.874083577250762,0.886893849764236
-0.4,200,12,"bcaCI","sigma",0.8878,0.881413408495994,0.89388635620021,0.88145084507571,0.893922307800251
-0.4,200,12,"propCI","sigma",0.8775,0.870877546493831,0.883830279911857,0.870913886942951,0.883865377787547
-0.4,200,6,"stdCI","sigma",0.8919,0.885611783713252,0.897884766813524,0.885649660623835,0.897921054284736
-0.4,200,6,"stuCI","sigma",0.9015,0.89545312428084,0.90723588668512,0.895492042719309,0.907272950204534
-0.4,200,6,"pctCI","sigma",0.8863,0.87987807762286,0.892422862211159,0.879915353708888,0.892458690335603
-0.4,200,6,"ctrCI","sigma",0.8911,0.884792377141678,0.897104800793418,0.884830167938313,0.897141022922204
-0.4,200,6,"bcCI","sigma",0.8954,0.889197930273654,0.901295873811803,0.889236185108863,0.901332445994183
-0.4,200,6,"bcaCI","sigma",0.8996,0.893504073580771,0.905386431260381,0.893542784611962,0.905423342442668
-0.4,200,6,"propCI","sigma",0.8907,0.884382712739317,0.896714778852877,0.884420460515272,0.896750968274588
-0.4,3200,15,"stdCI","sigma",0.9453,0.940617849518961,0.949636328410368,0.940661838352398,0.949676618782638
-0.4,3200,15,"stuCI","sigma",0.9458,0.941136864847053,0.950116908170437,0.941180916742662,0.950157230282439
-0.4,3200,15,"pctCI","sigma",0.942,0.937194890347625,0.946461953549674,0.937238467486345,0.946502030004169
-0.4,3200,15,"ctrCI","sigma",0.9432,0.938439103003567,0.94761677269798,0.938482828975118,0.947656927799717
-0.4,3200,15,"bcCI","sigma",0.9424,0.937609565945778,0.946846955371381,0.937653192588865,0.946887058146341
-0.4,3200,15,"bcaCI","sigma",0.9419,0.937091231026524,0.946365693492534,0.937134795805509,0.946405763350839
-0.4,3200,15,"propCI","sigma",0.943,0.938231695316172,0.947424341847017,0.938275396415086,0.947464483906872
-0.4,3200,30,"stdCI","sigma",0.9391,0.934190285362793,0.943668892955268,0.934233506610567,0.943708775622605
-0.4,3200,30,"stuCI","sigma",0.942,0.937194890347625,0.946461953549674,0.937238467486345,0.946502030004169
-0.4,3200,30,"pctCI","sigma",0.937,0.93201642336955,0.9416444410246,0.932059389985132,0.941684180333621
-0.4,3200,30,"ctrCI","sigma",0.9386,0.933672559176654,0.943187020905572,0.933715719573204,0.943226869660721
-0.4,3200,30,"bcCI","sigma",0.9369,0.93191294414381,0.941548000454316,0.931955898694472,0.941587732877336
-0.4,3200,30,"bcaCI","sigma",0.9358,0.93077489521264,0.940486931138822,0.93081771739695,0.940526587473828
-0.4,3200,30,"propCI","sigma",0.9363,0.93129213986023,0.940969285804703,0.931335022132713,0.941008976802229
-0.4,400,15,"stdCI","sigma",0.9095,0.903667182622447,0.915015527875751,0.90370698223127,0.915053225039887
-0.4,400,15,"stuCI","sigma",0.9225,0.917044114962956,0.927628312683194,0.917085379524059,0.927667006921267
-0.4,400,15,"pctCI","sigma",0.9059,0.899969306010332,0.911516241906769,0.900008707437179,0.911553655564403
-0.4,400,15,"ctrCI","sigma",0.9062,0.900277363330781,0.911807948278459,0.90031679783205,0.911845385667624
-0.4,400,15,"bcCI","sigma",0.9085,0.902639731592193,0.914043767463152,0.902679420307416,0.914081386159151
-0.4,400,15,"bcaCI","sigma",0.9125,0.906750790227778,0.917929552711348,0.906790923920292,0.917967483895961
-0.4,400,15,"propCI","sigma",0.9075,0.901612484506252,0.913071802805686,0.901652062551955,0.913109342812462
-0.4,400,8,"stdCI","sigma",0.9135,0.907779088318019,0.918900464775747,0.907819333860009,0.918938473485616
-0.4,400,8,"stuCI","sigma",0.9208,0.915292561736743,0.925981214348125,0.915333631973303,0.926019780914142
-0.4,400,8,"pctCI","sigma",0.9126,0.906853610233007,0.918026653736844,0.906893755099183,0.918064592685111
-0.4,400,8,"ctrCI","sigma",0.9111,0.90531153610044,0.916569912060418,0.905351513619492,0.916607734299573
-0.4,400,8,"bcCI","sigma",0.9152,0.909527701913713,0.920550507645107,0.909568138188846,0.920588647567042
-0.4,400,8,"bcaCI","sigma",0.9179,0.912306261827733,0.92316981170541,0.912347002633172,0.923208158444261
-0.4,400,8,"propCI","sigma",0.9139,0.90819046896941,0.919288768090083,0.90823075932222,0.919326807740006
-0.4,800,10,"stdCI","sigma",0.9268,0.921477864097743,0.931791146777497,0.921519624548594,0.931830159652745
-0.4,800,10,"stuCI","sigma",0.9313,0.926123320294872,0.936142104513976,0.926165607180286,0.936181443481006
-0.4,800,10,"pctCI","sigma",0.9249,0.919518158906995,0.92995236281486,0.91955969943998,0.929991235688643
-0.4,800,10,"ctrCI","sigma",0.9254,0.920033776005976,0.930436348300608,0.920075374284961,0.930475258142078
-0.4,800,10,"bcCI","sigma",0.9271,0.921787381559176,0.932081390592267,0.921829176855932,0.932120425452835
-0.4,800,10,"bcaCI","sigma",0.9314,0.926226620091641,0.936238724893542,0.926268918771216,0.936278071012939
-0.4,800,10,"propCI","sigma",0.9256,0.920240041663835,0.930629923641919,0.920281663066325,0.930668848245739
-0.4,800,19,"stdCI","sigma",0.9223,0.916838011964269,0.927434574388321,0.91687925361522,0.927473253653881
-0.4,800,19,"stuCI","sigma",0.9311,0.925916729748925,0.935948854688973,0.925958993059098,0.935988179338398
-0.4,800,19,"pctCI","sigma",0.9196,0.914056604198869,0.924818122974086,0.914097537812359,0.924856598879451
-0.4,800,19,"ctrCI","sigma",0.9207,0.915189551731171,0.925884303634333,0.915230610565484,0.92592286266204
-0.4,800,19,"bcCI","sigma",0.9219,0.916425836492561,0.927047067219018,0.916467032362385,0.927085716500952
-0.4,800,19,"bcaCI","sigma",0.9244,0.919002608524568,0.929468310490177,0.919044091400099,0.929507146309058
-0.4,800,19,"propCI","sigma",0.9217,0.916219763948104,0.926853298416251,0.916260936946797,0.926891932687226
0,100,10,"stdCI","sigma",0.8537,0.846586572938096,0.860539826530645,0.846620424546296,0.860572908228596
0,100,10,"stuCI","sigma",0.8847,0.878240770335732,0.89086142254307,0.878277875567818,0.890897118624805
0,100,10,"pctCI","sigma",0.8383,0.830903324218737,0.845435062888725,0.830935590481204,0.845466815164887
0,100,10,"ctrCI","sigma",0.8503,0.8431218890846,0.857207158739292,0.843155389208972,0.857239948387411
0,100,10,"bcCI","sigma",0.847,0.839760299105364,0.853971318197094,0.839793458913688,0.854003823562822
0,100,10,"bcaCI","sigma",0.8544,0.847300048054403,0.861225806031691,0.847333972138531,0.861258947746996
0,100,10,"propCI","sigma",0.8463,0.839047382423989,0.853284779799779,0.839080470145567,0.853317224762611
0,100,5,"stdCI","sigma",0.8641,0.857192548913445,0.870725742661546,0.857227481510067,0.870759711883622
0,100,5,"stuCI","sigma",0.8811,0.874558223600786,0.887346787061682,0.874594945638004,0.887382184834789
0,100,5,"pctCI","sigma",0.8531,0.845975066076678,0.859951800826172,0.846008855593399,0.859984831050225
0,100,5,"ctrCI","sigma",0.8656,0.85872331335932,0.872193807850266,0.858758402655491,0.872227904300709
0,100,5,"bcCI","sigma",0.8647,0.857804821656443,0.871313001803297,0.857839816907662,0.871347021941687
0,100,5,"bcaCI","sigma",0.8755,0.868833507501141,0.881875882378695,0.868869636612882,0.881910812995904
0,100,5,"propCI","sigma",0.8598,0.852805860469556,0.86651578476671,0.852840344996048,0.866549388143644
0,1600,12,"stdCI","sigma",0.9381,0.933154921213875,0.942705060431186,0.933198020901491,0.942744875134252
0,1600,12,"stuCI","sigma",0.9404,0.935536793674388,0.944921339084768,0.935580173821486,0.944961309249284
0,1600,12,"pctCI","sigma",0.936,0.930981783073375,0.940679883025309,0.931024629277457,0.940719553240564
0,1600,12,"ctrCI","sigma",0.9373,0.932326881502833,0.941933742233932,0.932369884345385,0.941973502169278
0,1600,12,"bcCI","sigma",0.9364,0.931395598817207,0.941065746688475,0.931438493122897,0.941105444603188
0,1600,12,"bcaCI","sigma",0.9368,0.931809468314844,0.94145155647973,0.931852410805922,0.941491282011504
0,1600,12,"propCI","sigma",0.9356,0.930568020615465,0.940293965959926,0.930610818800488,0.940333608394536
0,1600,24,"stdCI","sigma",0.937,0.93201642336955,0.9416444410246,0.932059389985132,0.941684180333621
0,1600,24,"stuCI","sigma",0.9413,0.936469354849437,0.945788053207668,0.936512845605361,0.94582808335583
0,1600,24,"pctCI","sigma",0.9359,0.93087833748146,0.940583408747233,0.930921171673086,0.940623072024891
0,1600,24,"ctrCI","sigma",0.9349,0.929844063151603,0.939618483983526,0.929886777498284,0.939658077610189
0,1600,24,"bcCI","sigma",0.935,0.929947475833823,0.939714991242461,0.929990202142399,0.939754591856455
0,1600,24,"bcaCI","sigma",0.9344,0.929327048385084,0.939135898940267,0.929369702996268,0.939175457557513
0,1600,24,"propCI","sigma",0.9367,0.931705995875154,0.94135510910837,0.931748926311962,0.94139482774367
0,200,12,"stdCI","sigma",0.8925,0.886226407185095,0.898469672701948,0.886264348745451,0.898506009116438
0,200,12,"stuCI","sigma",0.9122,0.906442343196191,0.917638236630665,0.90648244338259,0.917676144509643
0,200,12,"pctCI","sigma",0.8857,0.879264041913394,0.891837367864308,0.87930125388871,0.891873146512756
0,200,12,"ctrCI","sigma",0.8929,0.886636189045662,0.898859577041251,0.886674173736876,0.898895946053954
0,200,12,"bcCI","sigma",0.8924,0.886123965838257,0.898372192493761,0.886161896619787,0.898408520754854
0,200,12,"bcaCI","sigma",0.8975,0.891350615517404,0.903341539446692,0.891389098069218,0.903378281505679
0,200,12,"propCI","sigma",0.8886,0.882232394341845,0.894666743447966,0.882269916647348,0.89470276077401
0,200,6,"stdCI","sigma",0.8925,0.886226407185095,0.898469672701948,0.886264348745451,0.898506009116438
0,200,6,"stuCI","sigma",0.9023,0.896273975762752,0.908014405935016,0.896312981733338,0.908051533396216
0,200,6,"pctCI","sigma",0.8865,0.88008276840318,0.892618014768927,0.880120065870369,0.892653859374573
0,200,6,"ctrCI","sigma",0.8931,0.886841089888247,0.899054519286397,0.886879096154272,0.899090904588938
0,200,6,"bcCI","sigma",0.8956,0.889402915187941,0.901490731880127,0.889441191678537,0.901527320272747
0,200,6,"bcaCI","sigma",0.9014,0.895350526185802,0.907138563427343,0.89538943369132,0.907175618945578
0,200,6,"propCI","sigma",0.892,0.885714216863702,0.897982255228122,0.885752104545395,0.898018550860353
0,3200,15,"stdCI","sigma",0.9393,0.934397400766418,0.943861616788687,0.934440646395145,0.94390151298112
0,3200,15,"stuCI","sigma",0.9405,0.935640396750503,0.945017655521359,0.935683789162712,0.945057632375059
0,3200,15,"pctCI","sigma",0.9365,0.931499061133761,0.941162204205289,0.931541967477895,0.941201909032039
0,3200,15,"ctrCI","sigma",0.9382,0.93325844179659,0.942801459551817,0.93330155361474,0.942841281076363
0,3200,15,"bcCI","sigma",0.9366,0.931602526817273,0.941258658347734,0.931645445205107,0.941298370081353
0,3200,15,"bcaCI","sigma",0.938,0.933051404120247,0.942608657813575,0.933094491682911,0.942648465689672
0,3200,15,"propCI","sigma",0.9376,0.932637370479841,0.942223012530722,0.932680409598104,0.942262793044462
0,3200,30,"stdCI","sigma",0.9432,0.938439103003567,0.94761677269798,0.938482828975118,0.947656927799717
0,3200,30,"stuCI","sigma",0.9455,0.940825443123844,0.949828572873242,0.940869457159445,0.949868875963702
0,3200,30,"pctCI","sigma",0.9399,0.935018833305983,0.944439701760339,0.935062152218665,0.944479638389357
0,3200,30,"ctrCI","sigma",0.9405,0.935640396750503,0.945017655521359,0.935683789162712,0.945057632375059
0,3200,30,"bcCI","sigma",0.9399,0.935018833305983,0.944439701760339,0.935062152218665,0.944479638389357
0,3200,30,"bcaCI","sigma",0.9394,0.934500963842999,0.943957973318219,0.934544221670964,0.943997876264588
0,3200,30,"propCI","sigma",0.9411,0.936262092953108,0.945595476210937,0.936305559085615,0.945635493072328
0,400,15,"stdCI","sigma",0.9133,0.907573411207596,0.918706299882552,0.907613634359505,0.918744293107277
0,400,15,"stuCI","sigma",0.9252,0.919827521121203,0.930242762166304,0.919869096291074,0.930281657231252
0,400,15,"pctCI","sigma",0.91,0.904180985564217,0.915501330540131,0.904220840705651,0.915539066853676
0,400,15,"ctrCI","sigma",0.9124,0.906647972388796,0.91783244951625,0.90668809491013,0.917870372934759
0,400,15,"bcCI","sigma",0.9129,0.907162083279775,0.918317943762016,0.907202261681907,0.918355905986488
0,400,15,"bcaCI","sigma",0.9129,0.907162083279775,0.918317943762016,0.907202261681907,0.918355905986488
0,400,15,"propCI","sigma",0.9117,0.90592830789087,0.917152666682437,0.905968352282937,0.917190535670172
0,400,8,"stdCI","sigma",0.9149,0.909219076078089,0.92025937064983,0.909259478639365,0.920297487470993
0,400,8,"stuCI","sigma",0.9201,0.914571543559211,0.925302787400702,0.914612534045232,0.925341301134307
0,400,8,"pctCI","sigma",0.9108,0.905003178872194,0.916278506038752,0.905043122987145,0.916316304871652
0,400,8,"ctrCI","sigma",0.9134,0.90767624866441,0.918803383429268,0.907716483010088,0.91884138439782
0,400,8,"bcCI","sigma",0.9128,0.907059256755635,0.918220849265558,0.907099423976614,0.918258803733761
0,400,8,"bcaCI","sigma",0.9164,0.910762409670477,0.921714850882707,0.910802981043323,0.92175308296884
0,400,8,"propCI","sigma",0.9117,0.90592830789087,0.917152666682437,0.905968352282937,0.917190535670172
0,800,10,"stdCI","sigma",0.9318,0.926639849579956,0.936625176049125,0.926682195480122,0.936664550734734
0,800,10,"stuCI","sigma",0.9353,0.930257733463508,0.940004493394168,0.930300495687681,0.940044114940727
0,800,10,"pctCI","sigma",0.9304,0.925193757204152,0.935272385745771,0.925235938136767,0.935311660149937
0,800,10,"ctrCI","sigma",0.9308,0.925606866458137,0.935658957377967,0.925649094437925,0.935698260519021
0,800,10,"bcCI","sigma",0.9326,0.92746645529104,0.93739793132623,0.927508895846529,0.937437362933532
0,800,10,"bcaCI","sigma",0.9339,0.928810114063689,0.938653233280935,0.928852709061048,0.938692756769067
0,800,10,"propCI","sigma",0.9314,0.926226620091641,0.936238724893542,0.926268918771216,0.936278071012939
0,800,19,"stdCI","sigma",0.9287,0.923438567452795,0.933628930692301,0.923480549179732,0.933668082231549
0,800,19,"stuCI","sigma",0.9357,0.930671456259703,0.940390450207315,0.930714266441819,0.940430099594633
0,800,19,"pctCI","sigma",0.9257,0.920343178545124,0.930726707252709,0.920384811514791,0.930765639232361
0,800,19,"ctrCI","sigma",0.9252,0.919827521121203,0.930242762166304,0.919869096291074,0.930281657231252
0,800,19,"bcCI","sigma",0.9286,0.923335347067404,0.933532230744024,0.923377317113005,0.933571375019849
0,800,19,"bcaCI","sigma",0.9253,0.919930647219436,0.93033955658009,0.919972233942071,0.930378459035065
0,800,19,"propCI","sigma",0.9266,0.92127153295453,0.931597637043802,0.921313270193601,0.931636635243635
0.2,100,10,"stdCI","sigma",0.8422,0.834872744653729,0.84926260844735,0.834905410840321,0.849294698940652
0.2,100,10,"stuCI","sigma",0.881,0.874455957663482,0.887249131240922,0.874492669079835,0.887284520704506
0.2,100,10,"pctCI","sigma",0.824,0.816361228688424,0.831388274031221,0.816392036515469,0.831418778293162
0.2,100,10,"ctrCI","sigma",0.843,0.835687173109372,0.850047557487154,0.835719921456141,0.850079717234978
0.2,100,10,"bcCI","sigma",0.8366,0.829173533307692,0.843766175962028,0.829205625550697,0.843797780506459
0.2,100,10,"bcaCI","sigma",0.8441,0.836807118506651,0.851126756063451,0.83683997989464,0.851159010965905
0.2,100,10,"propCI","sigma",0.8355,0.828054406144762,0.842686158531278,0.828086385883253,0.842717667389109
0.2,100,5,"stdCI","sigma",0.8503,0.8431218890846,0.857207158739292,0.843155389208972,0.857239948387411
0.2,100,5,"stuCI","sigma",0.868,0.861173115061509,0.874542133016607,0.861208455522043,0.874576432591899
0.2,100,5,"pctCI","sigma",0.8336,0.826121641475563,0.840820400520923,0.82615342706281,0.840851743928668
0.2,100,5,"ctrCI","sigma",0.8525,0.845363598914067,0.859363735389346,0.845397326367427,0.859396714111649
0.2,100,5,"bcCI","sigma",0.8509,0.843733212381552,0.857795368161919,0.843766774468244,0.857828209411877
0.2,100,5,"bcaCI","sigma",0.8627,0.855764082274324,0.869355301412108,0.855798868805665,0.869389151701975
0.2,100,5,"propCI","sigma",0.8459,0.838640024425086,0.85289244916394,0.838673070969865,0.852924859595347
0.2,1600,12,"stdCI","sigma",0.9325,0.927363118797398,0.937301347718488,0.927405547505158,0.93734077222614
0.2,1600,12,"stuCI","sigma",0.9349,0.929844063151603,0.939618483983526,0.929886777498284,0.939658077610189
0.2,1600,12,"pctCI","sigma",0.9295,0.924264434205505,0.934402426406959,0.924306509528249,0.934441635910722
0.2,1600,12,"ctrCI","sigma",0.9317,0.926536537650403,0.936528567826964,0.926578871738799,0.936567935377538
0.2,1600,12,"bcCI","sigma",0.9304,0.925193757204152,0.935272385745771,0.925235938136767,0.935311660149937
0.2,1600,12,"bcaCI","sigma",0.9333,0.92818989787668,0.93807392926989,0.928232421495017,0.938113410448064
0.2,1600,12,"propCI","sigma",0.9303,0.92509048731535,0.935175735398207,0.92513265649679,0.935215002607699
0.2,1600,24,"stdCI","sigma",0.9318,0.926639849579956,0.936625176049125,0.926682195480122,0.936664550734734
0.2,1600,24,"stuCI","sigma",0.9368,0.931809468314844,0.94145155647973,0.931852410805922,0.941491282011504
0.2,1600,24,"pctCI","sigma",0.9278,0.92250968652242,0.932758528421601,0.922551563259763,0.932797614449821
0.2,1600,24,"ctrCI","sigma",0.931,0.925813438987613,0.935852225255715,0.925855690516676,0.93589154273993
0.2,1600,24,"bcCI","sigma",0.9283,0.92302570305581,0.933242113721413,0.92306763808127,0.933281236183474
0.2,1600,24,"bcaCI","sigma",0.9312,0.926020023515992,0.93604548111042,0.926062298611612,0.936084812920788
0.2,1600,24,"propCI","sigma",0.9289,0.923645016829114,0.933822321966605,0.923687021930738,0.933861488020869
0.2,200,12,"stdCI","sigma",0.879,0.872410939397907,0.885295714019759,0.872447438653634,0.885330937039057
0.2,200,12,"stuCI","sigma",0.9017,0.895658326015954,0.907430527648115,0.895697266326006,0.907467607164275
0.2,200,12,"pctCI","sigma",0.8704,0.863623643292634,0.876889730954108,0.86365923548455,0.876924233093097
0.2,200,12,"ctrCI","sigma",0.8811,0.874558223600786,0.887346787061682,0.874594945638004,0.887382184834789
0.2,200,12,"bcCI","sigma",0.8778,0.871184199936693,0.88412339189802,0.871220572126029,0.884158514823305
0.2,200,12,"bcaCI","sigma",0.8894,0.883051480672352,0.89544703009277,0.883089088795363,0.89548311305417
0.2,200,12,"propCI","sigma",0.8745,0.867811692581958,0.880898478822911,0.867847716193878,0.880933325643842
0.2,200,6,"stdCI","sigma",0.885,0.878547735970527,0.891154221995937,0.878584873211532,0.891189942861575
0.2,200,6,"stuCI","sigma",0.8955,0.889300421876828,0.901393303701017,0.889338687538903,0.901429883989334
0.2,200,6,"pctCI","sigma",0.8764,0.869753257093432,0.882755429293898,0.869789481250637,0.882790435233167
0.2,200,6,"ctrCI","sigma",0.8854,0.878957044577594,0.891544600148482,0.878994224515854,0.891580354040841
0.2,200,6,"bcCI","sigma",0.8854,0.878957044577594,0.891544600148482,0.878994224515854,0.891580354040841
0.2,200,6,"bcaCI","sigma",0.8938,0.887558295155751,0.899736764761233,0.887596376983319,0.899773207029103
0.2,200,6,"propCI","sigma",0.8822,0.875683244448155,0.888420905448452,0.875720083397192,0.888456394544938
0.2,3200,15,"stdCI","sigma",0.9379,0.932947890507844,0.942512251706878,0.932990965951118,0.942552052750536
0.2,3200,15,"stuCI","sigma",0.9396,0.93470810078712,0.944150675561334,0.934751383031196,0.944190591998236
0.2,3200,15,"pctCI","sigma",0.9362,0.931188684255478,0.940872821561354,0.931231554499969,0.940912505636562
0.2,3200,15,"ctrCI","sigma",0.9357,0.930671456259703,0.940390450207315,0.930714266441819,0.940430099594633
0.2,3200,15,"bcCI","sigma",0.9375,0.932533870714348,0.94212659254598,0.932576897735257,0.942166366205614
0.2,3200,15,"bcaCI","sigma",0.9394,0.934500963842999,0.943957973318219,0.934544221670964,0.943997876264588
0.2,3200,15,"propCI","sigma",0.9369,0.93191294414381,0.941548000454316,0.931955898694472,0.941587732877336
0.2,3200,30,"stdCI","sigma",0.9415,0.936676631778912,0.945980615135252,0.936720147183583,0.946020658545292
0.2,3200,30,"stuCI","sigma",0.9439,0.93916515440938,0.948290155866628,0.939208967652404,0.948330356401521
0.2,3200,30,"pctCI","sigma",0.9391,0.934190285362793,0.943668892955268,0.934233506610567,0.943708775622605
0.2,3200,30,"ctrCI","sigma",0.94,0.935122418073303,0.944536036548708,0.935165749220797,0.94457597989669
0.2,3200,30,"bcCI","sigma",0.9392,0.934293841275767,0.943765256664942,0.934337074711105,0.943805146097691
0.2,3200,30,"bcaCI","sigma",0.9395,0.934604530513794,0.944054326245218,0.934647800546866,0.944094235939751
0.2,3200,30,"propCI","sigma",0.9395,0.934604530513794,0.944054326245218,0.934647800546866,0.944094235939751
0.2,400,15,"stdCI","sigma",0.9091,0.90325617754416,0.914626848413486,0.90329593276829,0.914664514217253
0.2,400,15,"stuCI","sigma",0.9203,0.914777536433109,0.925496636012276,0.914818549689536,0.925535164856093
0.2,400,15,"pctCI","sigma",0.9023,0.896273975762752,0.908014405935016,0.896312981733338,0.908051533396216
0.2,400,15,"ctrCI","sigma",0.9084,0.902536997755594,0.913946580138801,0.902576675393874,0.913984190975736
0.2,400,15,"bcCI","sigma",0.9081,0.902228808452123,0.913655005941472,0.902268452872962,0.913692593188004
0.2,400,15,"bcaCI","sigma",0.9129,0.907162083279775,0.918317943762016,0.907202261681907,0.918355905986488
0.2,400,15,"propCI","sigma",0.9062,0.900277363330781,0.911807948278459,0.90031679783205,0.911845385667624
0.2,400,8,"stdCI","sigma",0.9069,0.900996232912702,0.912488527212252,0.901035744661945,0.912526019901639
0.2,400,8,"stuCI","sigma",0.9125,0.906750790227778,0.917929552711348,0.906790923920292,0.917967483895961
0.2,400,8,"pctCI","sigma",0.9024,0.8963765905761,0.90811171245171,0.896415607496832,0.908148847897112
0.2,400,8,"ctrCI","sigma",0.9047,0.898737252738155,0.910349240159958,0.898776522055059,0.910386558706191
0.2,400,8,"bcCI","sigma",0.9067,0.900790831684642,0.912294086021533,0.900830321352348,0.912331562921403
0.2,400,8,"bcaCI","sigma",0.912,0.906236722628533,0.917444015106821,0.906276800489852,0.917481907436549
0.2,400,8,"propCI","sigma",0.9059,0.899969306010332,0.911516241906769,0.900008707437179,0.911553655564403
0.2,800,10,"stdCI","sigma",0.9267,0.9213746971465,0.931694393292885,0.921416445989586,0.931733398832271
0.2,800,10,"stuCI","sigma",0.9305,0.925297030056914,0.935369033123467,0.925339222744936,0.935408314718141
0.2,800,10,"pctCI","sigma",0.9231,0.917662485443772,0.928209465973896,0.917703818814634,0.928248205051379
0.2,800,10,"ctrCI","sigma",0.9262,0.92085890367605,0.931210584506447,0.920900594536307,0.931249553311385
0.2,800,10,"bcCI","sigma",0.9264,0.92106521282771,0.931404116272995,0.921106926869948,0.931443099782694
0.2,800,10,"bcaCI","sigma",0.928,0.922716084645621,0.932951971047997,0.92275798468647,0.932991071661313
0.2,800,10,"propCI","sigma",0.9252,0.919827521121203,0.930242762166304,0.919869096291074,0.930281657231252
0.2,800,19,"stdCI","sigma",0.9243,0.918899506400574,0.929371492058239,0.91894097775512,0.929410320455792
0.2,800,19,"stuCI","sigma",0.9313,0.926123320294872,0.936142104513976,0.926165607180286,0.936181443481006
0.2,800,19,"pctCI","sigma",0.922,0.916528876555968,0.927143947822564,0.916570083866201,0.927182604605205
0.2,800,19,"ctrCI","sigma",0.9226,0.917147170293747,0.927725177992397,0.917188446314858,0.927763879711868
0.2,800,19,"bcCI","sigma",0.9239,0.918487124252779,0.928984191934465,0.918528549558041,0.929022990612567
0.2,800,19,"bcaCI","sigma",0.9249,0.919518158906995,0.92995236281486,0.91955969943998,0.929991235688643
0.2,800,19,"propCI","sigma",0.9225,0.917044114962956,0.927628312683194,0.917085379524059,0.927667006921267
0.4,100,10,"stdCI","sigma",0.8154,0.807624479811482,0.82293170179553,0.80765441593898,0.822961450146216
0.4,100,10,"stuCI","sigma",0.8559,0.848829107697478,0.862695577553611,0.848863187219042,0.862728847746921
0.4,100,10,"pctCI","sigma",0.7913,0.783173310258842,0.799201568301316,0.7832008217919,0.799229180288196
0.4,100,10,"ctrCI","sigma",0.8141,0.806304356204704,0.821652834650971,0.806334160884915,0.82168246841727
0.4,100,10,"bcCI","sigma",0.8044,0.796458562845799,0.812106155897657,0.796487389208472,0.812134932225438
0.4,100,10,"bcaCI","sigma",0.8174,0.809655716150582,0.824898912591838,0.809685854665408,0.82492883706671
0.4,100,10,"propCI","sigma",0.8056,0.797676190514412,0.813287597187406,0.797705137676846,0.813316479817566
0.4,100,5,"stdCI","sigma",0.8186,0.81087462062113,0.826079076298994,0.81090488066342,0.826109106354052
0.4,100,5,"stuCI","sigma",0.8395,0.832124523476557,0.846612930212541,0.832156912686995,0.846644786660189
0.4,100,5,"pctCI","sigma",0.8013,0.793313545447295,0.809053578186263,0.793342060030627,0.80908207961494
0.4,100,5,"ctrCI","sigma",0.825,0.817377548021498,0.832371177808248,0.817408457458569,0.832401769719226
0.4,100,5,"bcCI","sigma",0.8199,0.812195239464365,0.827357447892142,0.812225631243218,0.827387592244567
0.4,100,5,"bcaCI","sigma",0.8364,0.82897004695664,0.843569817847894,0.829002118738695,0.843601405000296
0.4,100,5,"propCI","sigma",0.8133,0.805492042340263,0.820865769547956,0.805521766170143,0.820895332760786
0.4,1600,12,"stdCI","sigma",0.9293,0.924057950160402,0.934209069869158,0.924100002059822,0.934248264905785
0.4,1600,12,"stuCI","sigma",0.9311,0.925916729748925,0.935948854688973,0.925958993059098,0.935988179338398
0.4,1600,12,"pctCI","sigma",0.9258,0.92044631813466,0.930823488150226,0.920487962675136,0.930862427502134
0.4,1600,12,"ctrCI","sigma",0.9269,0.921581033813457,0.931887897492422,0.921622805875833,0.93192691769983
0.4,1600,12,"bcCI","sigma",0.9269,0.921581033813457,0.931887897492422,0.921622805875833,0.93192691769983
0.4,1600,12,"bcaCI","sigma",0.9275,0.922200110454914,0.932468343324294,0.922241952266095,0.93250740744622
0.4,1600,12,"propCI","sigma",0.9262,0.92085890367605,0.931210584506447,0.920900594536307,0.931249553311385
0.4,1600,24,"stdCI","sigma",0.9258,0.92044631813466,0.930823488150226,0.920487962675136,0.930862427502134
0.4,1600,24,"stuCI","sigma",0.9305,0.925297030056914,0.935369033123467,0.925339222744936,0.935408314718141
0.4,1600,24,"pctCI","sigma",0.9225,0.917044114962956,0.927628312683194,0.917085379524059,0.927667006921267
0.4,1600,24,"ctrCI","sigma",0.9244,0.919002608524568,0.929468310490177,0.919044091400099,0.929507146309058
0.4,1600,24,"bcCI","sigma",0.9237,0.918280948921191,0.928790526101781,0.918322351222458,0.928829309899819
0.4,1600,24,"bcaCI","sigma",0.9256,0.920240041663835,0.930629923641919,0.920281663066325,0.930668848245739
0.4,1600,24,"propCI","sigma",0.9233,0.917868629554041,0.928403163084021,0.917909985888191,0.92844191708167
0.4,200,12,"stdCI","sigma",0.8584,0.851378106816564,0.865144629884595,0.85141244580957,0.865178113802816
0.4,200,12,"stuCI","sigma",0.8818,0.875274125633571,0.888030337291109,0.875310922051676,0.88806579319644
0.4,200,12,"pctCI","sigma",0.8463,0.839047382423989,0.853284779799779,0.839080470145567,0.853317224762611
0.4,200,12,"ctrCI","sigma",0.8597,0.852703870502043,0.866417852702742,0.852738344627716,0.866451447552427
0.4,200,12,"bcCI","sigma",0.8576,0.850562349353985,0.864361010951249,0.850596605259605,0.864394426533474
0.4,200,12,"bcaCI","sigma",0.8707,0.863930011252064,0.877183128714947,0.863965634951412,0.877217656133817
0.4,200,12,"propCI","sigma",0.8546,0.8475039081082,0.861421790145731,0.847537852906884,0.861454949001773
0.4,200,6,"stdCI","sigma",0.8664,0.859539834229396,0.872976662678875,0.859575007185395,0.873010826898595
0.4,200,6,"stuCI","sigma",0.8761,0.869446661600605,0.88246225929699,0.869482854065827,0.882497240138957
0.4,200,6,"pctCI","sigma",0.8554,0.848319393075445,0.86220568181147,0.848353420764381,0.862238909198734
0.4,200,6,"ctrCI","sigma",0.866,0.85913156389514,0.872585245173152,0.859166695013605,0.872619375515775
0.4,200,6,"bcCI","sigma",0.8664,0.859539834229396,0.872976662678875,0.859575007185395,0.873010826898595
0.4,200,6,"bcaCI","sigma",0.8773,0.870673117806318,0.883634864972708,0.870709437101096,0.88366994614293
0.4,200,6,"propCI","sigma",0.8638,0.856886428967396,0.870432096649934,0.85692133024921,0.870466040401489
0.4,3200,15,"stdCI","sigma",0.9349,0.929844063151603,0.939618483983526,0.929886777498284,0.939658077610189
0.4,3200,15,"stuCI","sigma",0.9368,0.931809468314844,0.94145155647973,0.931852410805922,0.941491282011504
0.4,3200,15,"pctCI","sigma",0.934,0.928913494533155,0.938749772821137,0.928956101443649,0.938789303344565
0.4,3200,15,"ctrCI","sigma",0.9334,0.928293259342245,0.938170487853883,0.928335794845289,0.938209976095323
0.4,3200,15,"bcCI","sigma",0.9349,0.929844063151603,0.939618483983526,0.929886777498284,0.939658077610189
0.4,3200,15,"bcaCI","sigma",0.9381,0.933154921213875,0.942705060431186,0.933198020901491,0.942744875134252
0.4,3200,15,"propCI","sigma",0.9347,0.929637247536826,0.939425459695112,0.929679937974567,0.93946503933251
0.4,3200,30,"stdCI","sigma",0.9357,0.930671456259703,0.940390450207315,0.930714266441819,0.940430099594633
0.4,3200,30,"stuCI","sigma",0.9382,0.93325844179659,0.942801459551817,0.93330155361474,0.942841281076363
0.4,3200,30,"pctCI","sigma",0.9332,0.928086539555322,0.937977367535128,0.92812905129363,0.938016841645433
0.4,3200,30,"ctrCI","sigma",0.9335,0.928396623958577,0.938267043280522,0.928439171351025,0.938306538580606
0.4,3200,30,"bcCI","sigma",0.9349,0.929844063151603,0.939618483983526,0.929886777498284,0.939658077610189
0.4,3200,30,"bcaCI","sigma",0.9321,0.926949803685158,0.936914982361705,0.92699218504734,0.936954378426141
0.4,3200,30,"propCI","sigma",0.934,0.928913494533155,0.938749772821137,0.928956101443649,0.938789303344565
0.4,400,15,"stdCI","sigma",0.9006,0.894529807637335,0.906359911063855,0.894568627746874,0.906396902505898
0.4,400,15,"stuCI","sigma",0.9121,0.906339531835904,0.91754112694686,0.906379620858535,0.917579027052425
0.4,400,15,"pctCI","sigma",0.8959,0.889710405390582,0.901783006135115,0.889748714376708,0.9018196188308
0.4,400,15,"ctrCI","sigma",0.8986,0.89247851963719,0.904412771104947,0.892517121771282,0.904449601848508
0.4,400,15,"bcCI","sigma",0.9014,0.895350526185802,0.907138563427343,0.89538943369132,0.907175618945578
0.4,400,15,"bcaCI","sigma",0.904,0.898018683706471,0.909668360249028,0.898057876095529,0.909705623179098
0.4,400,15,"propCI","sigma",0.8996,0.893504073580771,0.905386431260381,0.893542784611962,0.905423342442668
0.4,400,8,"stdCI","sigma",0.9035,0.897505477528693,0.909181959959006,0.897544615029605,0.909219183103711
0.4,400,8,"stuCI","sigma",0.9099,0.904078220817679,0.915404174171666,0.904118064847959,0.915441902659897
0.4,400,8,"pctCI","sigma",0.8988,0.892683616130871,0.904607517449907,0.892722240030079,0.904644364295338
0.4,400,8,"ctrCI","sigma",0.9027,0.896684446248108,0.908403620754424,0.896723496030893,0.908440780140968
0.4,400,8,"bcCI","sigma",0.9057,0.899763944288022,0.911321761153618,0.89980332367577,0.911359158979856
0.4,400,8,"bcaCI","sigma",0.9093,0.903461675956004,0.914821192278061,0.903501453367908,0.914858873766523
0.4,400,8,"propCI","sigma",0.9028,0.896787068557996,0.908500919764289,0.896826129298685,0.908538087127376
0.4,800,10,"stdCI","sigma",0.92,0.914468550801288,0.925205859409583,0.914509529906707,0.925244365583547
0.4,800,10,"stuCI","sigma",0.9233,0.917868629554041,0.928403163084021,0.917909985888191,0.92844191708167
0.4,800,10,"pctCI","sigma",0.9157,0.910042123561099,0.921035690643226,0.91008261607949,0.921073869013698
0.4,800,10,"ctrCI","sigma",0.9178,0.91220332196098,0.923072830733893,0.912244051451067,0.923111169848793
0.4,800,10,"bcCI","sigma",0.9197,0.914159587193405,0.924915060745264,0.914200532175324,0.924953544222267
0.4,800,10,"bcaCI","sigma",0.921,0.915498589195063,0.926175028315643,0.915539682245514,0.926213609949021
0.4,800,10,"propCI","sigma",0.9179,0.912306261827733,0.92316981170541,0.912347002633172,0.923208158444261
0.4,800,19,"stdCI","sigma",0.912,0.906236722628533,0.917444015106821,0.906276800489852,0.917481907436549
0.4,800,19,"stuCI","sigma",0.92,0.914468550801288,0.925205859409583,0.914509529906707,0.925244365583547
0.4,800,19,"pctCI","sigma",0.9081,0.902228808452123,0.913655005941472,0.902268452872962,0.913692593188004
0.4,800,19,"ctrCI","sigma",0.9113,0.905517118181774,0.91676417212957,0.905557117982188,0.916802009961098
0.4,800,19,"bcCI","sigma",0.9133,0.907573411207596,0.918706299882552,0.907613634359505,0.918744293107277
0.4,800,19,"bcaCI","sigma",0.9149,0.909219076078089,0.92025937064983,0.909259478639365,0.920297487470993
0.4,800,19,"propCI","sigma",0.9096,0.903769939058827,0.915112692566811,0.903809749769552,0.915150397565386
